Year,Strategy,Buy&Hold,Outperformance
2024,53.31796665954593,47.81281498752483,5.5051516720211
2025,-2.340880501586917,-12.890516796869678,10.54963629528276
